# Dates, Infections, Hospitalizations, Deaths, Mean_rt
2020-02-05,1089.8993483065829,0.0,0.0,2.2637755302375644
2020-02-06,1089.8993483065829,0.0,0.0,2.263773455597592
2020-02-07,1089.8993483065829,0.0,0.0,2.263772578959101
2020-02-08,1089.8993483065829,0.0,0.0,2.263771331898426
2020-02-09,1089.8993483065829,0.0,0.0,2.2637695578954373
2020-02-10,1089.8993483065829,0.0,0.0,2.2637670342943736
2020-02-11,1089.8993483065829,0.0,0.0,2.2637634443602703
2020-02-12,1089.8993483065829,0.0,0.0,2.2637583375299677
2020-02-13,1089.8993483065829,0.0,0.0,2.263751072871476
2020-02-14,3557.1164875638024,0.0,0.0,2.2637109959654773
2020-02-15,3545.1194975397257,0.0,0.0,2.263692577651299
2020-02-16,3812.3535451467833,0.0,0.0,2.2636595321785773
2020-02-17,4357.45167405664,0.0,0.0,2.2636176927877294
2020-02-18,5489.863459187555,21.0,0.0,2.2635623750546694
2020-02-19,7269.841699946285,43.0,0.0,2.263487323551004
2020-02-20,8738.783742292666,65.0,0.0,2.2633829871389066
2020-02-21,10165.164522474463,87.0,0.02176462680094398,2.2632364250878667
2020-02-22,12001.410868458,108.0,0.06384290528276902,2.2630334417761224
2020-02-23,14361.86591031458,130.0,0.12507405534942476,2.2627524992415533
2020-02-24,17416.664507520956,152.0,0.20452945292407093,2.262361394920317
2020-02-25,20847.939466378204,174.0,0.30146619874523534,2.261814601862168
2020-02-26,24700.936633132926,196.0,0.42979972460436955,2.261047696158813
2020-02-27,29245.456648322954,267.0,0.5876035998540683,2.25997144677462
2020-02-28,34721.14031204043,338.0,0.7733366799764075,2.2584599700149925
2020-02-29,41316.078859380934,392.0,0.9857660493570481,2.256335210659811
2020-03-01,49063.01840177663,458.0,1.3421505555342346,2.2533467260084628
2020-03-02,58074.46909591909,546.0,1.8867400092003543,2.2491442819985052
2020-03-03,68616.71267746063,669.0,2.619746354703439,2.2432417532502202
2020-03-04,80988.60992478873,822.0,3.485169940500157,2.234969817454297
2020-03-05,95455.76316009721,1004.0,4.435470179793833,2.223418241061977
2020-03-06,112183.78362664177,1222.0,5.397247940035166,2.2073725778610327
2020-03-07,131281.01974426286,1487.0,6.61384683771648,2.185257202436383
2020-03-08,152802.5401116359,1814.0,8.160574518678404,2.1551107475548266
2020-03-09,176643.46473683516,2160.0,10.124857022841564,2.1146401694093826
2020-03-10,202407.51902440604,2583.0,12.585932676336391,2.061422117585276
2020-03-11,229302.57695462296,3091.0,15.584878012687511,1.99332586478048
2020-03-12,256141.59459086863,3699.0,19.271301682765102,1.9091850344438754
2020-03-13,281466.0633773649,4415.0,23.820813273823376,1.8096094669195093
2020-03-14,303784.6600358698,5251.0,29.42534806860622,1.6976227369819152
2020-03-15,321902.42646799603,6238.0,36.28807354714506,1.5786803618763132
2020-03-16,335216.0325128348,7407.0,44.51300215449558,1.4597891732226775
2020-03-17,343815.9668941664,8787.0,54.42551000595435,1.3479439927589028
2020-03-18,348329.6319848309,10408.0,66.40696865525035,1.2485688732730138
2020-03-19,349611.95204186975,12304.0,80.8872095078495,1.1646473716907013
2020-03-20,348475.6043247066,14512.0,98.33380391528796,1.0967520550311198
2020-03-21,345570.6547137448,17074.0,119.26183127868771,1.0436891067770888
2020-03-22,341389.9772887378,20022.0,144.32047385659286,1.0033120993400162
2020-03-23,336315.30233205226,23376.0,174.28475991494284,0.9731921318641027
2020-03-24,330645.8565395236,27136.0,210.0179504175636,0.9510378301239272
2020-03-25,324605.5290517951,31277.0,252.44862711837754,0.9348939038526365
2020-03-26,318348.74275384255,35745.0,302.53115282899194,0.923192895597231
2020-03-27,311976.30376765126,40449.0,361.2264995102221,0.9147288402431681
2020-03-28,305555.8806146005,45267.0,429.4232850638914,0.9085993257266302
2020-03-29,299136.90170738037,50062.0,507.8075565789135,0.9041418446475616
2020-03-30,292756.5303409608,54695.0,596.7201758445851,0.900876390240758
2020-03-31,286440.78308340354,59036.0,696.0264866104511,0.8984583504844037
2020-04-01,280205.88714640355,62972.0,805.0596200759405,0.896641883581861
2020-04-02,274061.3849257402,66409.0,922.6202903539836,0.8952523804250991
2020-04-03,268013.4094135573,69272.0,1047.0445599755428,0.8941662025266046
2020-04-04,262066.48154634354,71514.0,1176.3281960268832,0.8932959845149621
2020-04-05,256223.80789521316,73117.0,1308.2843059930879,0.8925800753031299
2020-04-06,250487.12491307408,74101.0,1440.679558185104,0.8919750035105873
2020-04-07,244856.88867659826,74517.0,1564.7253745667374,0.8914501268558997
2020-04-08,239332.8087715323,74446.0,1679.3404195945798,0.8909838452739653
2020-04-09,233914.31626247586,73981.0,1783.6322579163223,0.8905609265721146
2020-04-10,228600.72474582025,73216.0,1876.9394517835863,0.8901706202786919
2020-04-11,223391.1777472814,72232.0,1958.8533562952766,0.8898053286497651
2020-04-12,218284.59601563617,71095.0,2029.2390473151681,0.8894596711000258
2020-04-13,213279.72363419246,69854.0,2088.24384103911,0.8891298261409306
2020-04-14,208375.2244261233,68547.0,2136.295033944491,0.888813068742924
2020-04-15,203569.74512904466,67200.0,2174.0841127357876,0.8885074450992121
2020-04-16,198861.92060478238,65834.0,2202.5045292717823,0.8882115439448172
2020-04-17,194250.3543089573,64463.0,2222.4472432216567,0.8879243357747086
2020-04-18,189733.61167967977,63095.0,2234.8696073772876,0.8876450598491071
2020-04-19,185309.55698174602,61738.0,2240.7130153932153,0.8873698988799374
2020-04-20,180978.65574536152,60396.0,2240.84436893414,0.8871076666707307
2020-04-21,176738.10909469862,59071.0,2236.021261326831,0.8868518922274743
2020-04-22,172586.5407897322,57767.0,2226.8814721153526,0.8866026049250293
2020-04-23,168522.53528581245,56484.0,2213.946033086149,0.8863598973719798
2020-04-24,164544.73448169406,55223.0,2197.6288813140145,0.8861239466011669
2020-04-25,160651.91159386683,53984.0,2178.2515823684616,0.8858950462782124
2020-04-26,156842.64896492154,52769.0,2156.059790972858,0.8856736512524753
2020-04-27,153115.5681134878,51576.0,2131.242311499306,0.8854604393180313
2020-04-28,149469.41793900114,50406.0,2103.9507504015933,0.8852563974389752
2020-04-29,145903.00548313223,49259.0,2074.3176109498722,0.885062940957801
2020-04-30,142415.29685372798,48134.0,2042.4718388557287,0.8848820788348408
2020-05-01,139005.35975777064,47031.0,2008.5505632998434,0.8847166428988034
2020-05-02,135672.4271262259,45951.0,1972.7068751981828,0.8845706053726623
2020-05-03,132415.97718943344,44892.0,1935.1133772285298,0.8844495186048701
2020-05-04,129235.81588898107,43855.0,1895.961487554861,0.8843611230453499
2020-05-05,126132.19389390189,42839.0,1855.4576654908362,0.8843161864519435
2020-05-06,123105.94379242651,41844.0,1813.8182659818785,0.8843296596008265
2020-05-07,120158.67291431897,40869.0,1771.5682919705177,0.8844222626254447
2020-05-08,117293.03062087622,39914.0,1728.9339649565907,0.8846226524046679
2020-05-09,114513.0588079228,38980.0,1686.130922213704,0.8849703644753436
2020-05-10,111824.65357544669,38065.0,1643.3608974600136,0.885519769161255
2020-05-11,109236.16102228458,37169.0,1600.8085342140935,0.8863453206338313
2020-05-12,106759.13805350356,36293.0,1558.6385613151879,0.8875483860187503
2020-05-13,104409.30155795591,35435.0,1516.9933125790722,0.8892658722507212
2020-05-14,102207.66551749934,34595.0,1475.990836116587,0.8916806336950892
2020-05-15,100191.82020593817,33774.0,1435.7240716722229,0.8950330955866591
2020-05-16,98389.19582876306,32971.0,1396.261576325233,0.8996324452960075
2020-05-17,96842.59626099443,32185.0,1357.6501658051,0.9058638442541161
2020-05-18,95606.0329132395,31417.0,1319.918785278442,0.9141853342031953
2020-05-19,94741.90140614945,30666.0,1283.0826992025168,0.9251045229968473
2020-05-20,94317.05601874726,29932.0,1247.1472220745095,0.9391228010236208
2020-05-21,94394.27685519571,29216.0,1212.1104824456274,0.9566371006762815
2020-05-22,95024.40017838475,28517.0,1177.9656887775077,0.9778017816271357
2020-05-23,96237.04500892681,27835.0,1144.702812256095,1.002379258341977
2020-05-24,98033.29143722246,27171.0,1112.3099395834765,1.0296396010287092
2020-05-25,100386.24849624764,26526.0,1080.7743629672862,1.0583815582973202
2020-05-26,103249.11010290969,25901.0,1050.0834572024198,1.0871115666750066
2020-05-27,106568.49816106148,25297.0,1020.2254555564983,1.1143369249147759
2020-05-28,110295.95352538576,24716.0,991.1902129446541,1.1388587149746698
2020-05-29,114392.84477275079,24161.0,962.9700427092362,1.1599501787100202
2020-05-30,118829.62541880291,23636.0,935.5606984950838,1.177377020513797
2020-05-31,123583.30231432288,23145.0,908.9628049351617,1.1912964579118033
2020-06-01,128636.25230429505,22694.0,883.183266377654,1.2021075718764906
2020-06-02,133976.4233184012,22290.0,858.2369138114391,1.2103131555600752
2020-06-03,139597.31646596667,21941.0,834.1484497876085,1.2164215764911679
2020-06-04,145496.98521163638,21657.0,810.9543664492378,1.2208911464660306
2020-06-05,151676.55451418672,21447.0,788.7048958903791,1.2241069614686462
2020-06-06,158139.17441314794,21319.0,767.4661407219924,1.2263779000691029
2020-06-07,164889.68974669007,21283.0,745.3197861199358,1.227943936226464
2020-06-08,171934.62046213367,21344.0,722.8799046149495,1.2289873895754528
2020-06-09,179282.00733449252,21508.0,700.6492125293137,1.2296445859581264
2020-06-10,186941.04993702692,21777.0,679.0376075901535,1.2300162862699464
2020-06-11,194921.75454731166,22152.0,658.3754205446396,1.2301763242481454
2020-06-12,203234.7695891564,22634.0,638.9226257846861,1.2301784404787421
2020-06-13,211846.56610629195,23219.0,620.8760444436566,1.229801396809337
2020-06-14,220756.46499714142,23904.0,604.3759846488576,1.2290350412611575
2020-06-15,230006.7556980405,24683.0,589.512581802107,1.2281111818082509
2020-06-16,239588.29334114335,25550.0,576.3331342640972,1.2269763151959956
2020-06-17,249482.44017132296,26500.0,564.8085818225496,1.22555778359594
2020-06-18,259656.56583719156,27526.0,554.8924034148096,1.2237577765253251
2020-06-19,270071.85690003325,28623.0,546.5232202774107,1.2214459993764346
2020-06-20,280678.410584088,29790.0,539.6276005642559,1.2184515056673784
2020-06-21,291395.7366640951,31023.0,534.1230378621509,1.214554843031171
2020-06-22,302106.5827617766,32320.0,529.9209365857383,1.2094830470911513
2020-06-23,312652.4000116745,33683.0,526.9295409202583,1.2029120336077261
2020-06-24,322832.39336719434,35109.0,525.0568433611068,1.1944833230976157
2020-06-25,332409.76949862874,36601.0,524.213370952327,1.1838437658866483
2020-06-26,341124.3421640908,38159.0,524.3146190940115,1.170715262810274
2020-06-27,348721.60839061224,39782.0,525.2827798182451,1.154992534732709
2020-06-28,354995.7428698902,41472.0,527.0475721787924,1.1368485641194634
2020-06-29,359834.64552709437,43230.0,529.545633319599,1.1168050033284416
2020-06-30,363247.4244738944,45057.0,532.7193955093812,1.0957163770619047
2020-07-01,365357.0145075043,46953.0,536.5163218397931,1.0746425120928889
2020-07-02,366359.3749053482,48915.0,540.8877710627471,1.0546405888457204
2020-07-03,366470.03791635454,50943.0,545.7880861463032,1.0365579942927514
2020-07-04,365883.6542512606,53032.0,551.1738565351754,1.0209067372640797
2020-07-05,364758.58862626785,55176.0,557.0018199984023,1.0078498897641115
2020-07-06,363219.9667589743,57364.0,564.4057291826435,0.997273674474017
2020-07-07,361367.5768748127,59584.0,574.6694748369014,0.9888937108811923
2020-07-08,359280.5505622096,61817.0,587.3904181059369,0.9823528484195365
2020-07-09,357019.098330293,64039.0,602.2286045429832,0.9772905179985344
2020-07-10,354626.7267789457,66222.0,618.8880278798243,0.9733819446818105
2020-07-11,352134.23983753676,68332.0,637.0994817363944,0.9703543917664915
2020-07-12,349564.11770155403,70336.0,656.6062046112813,0.967989174279689
2020-07-13,346933.52480064693,72199.0,677.1518490613139,0.9661164089590945
2020-07-14,344255.640364351,73893.0,698.4725321196114,0.9646070055348956
2020-07-15,341540.21591935965,75392.0,720.2917309937367,0.9633643875534831
2020-07-16,338794.22802963277,76680.0,742.3425917770046,0.9623170988300775
2020-07-17,336022.7636065053,77744.0,764.3731971838729,0.9614126866782856
2020-07-18,333229.7950615748,78583.0,786.1230716918536,0.960612866850904
2020-07-19,330418.5913441914,79199.0,807.3367057173314,0.9598898111915009
2020-07-20,327591.83744452614,79604.0,827.7759640755762,0.9592233521136035
2020-07-21,324751.6885252347,79815.0,847.2294691964104,0.9585989055221958
2020-07-22,321899.889526404,79855.0,865.5186888116024,0.9580059420219915
2020-07-23,319037.9329146974,79751.0,882.5011323321602,0.9574368690667456
2020-07-24,316167.17258046404,79529.0,898.0715092353672,0.956886217262827
2020-07-25,313288.8641420031,79213.0,912.1614678242165,0.9563500499053712
2020-07-26,310404.1657447617,78825.0,924.7381738415879,0.9558255354853817
2020-07-27,307514.14374939195,78380.0,935.8020129433842,0.9553106387511424
2020-07-28,304619.7963411332,77894.0,945.3835605249574,0.9548038977571581
2020-07-29,301722.0803269845,77374.0,953.5397951941718,0.9543042631090125
2020-07-30,298821.92547226377,76830.0,960.349246351867,0.9538109821030312
2020-07-31,295920.2357221679,76268.0,965.9058494013699,0.9533235152445665
2020-08-01,293017.8867889414,75690.0,970.311917933504,0.9528414761194989
2020-08-02,290115.72739833157,75102.0,973.671220799418,0.9523645881089953
2020-08-03,287214.5839899305,74504.0,976.0833336897095,0.9518926532423194
2020-08-04,284315.52654169913,73900.0,977.6400160469063,0.9514264056090181
2020-08-05,281419.07977872255,73289.0,978.3696120071148,0.9509648686107035
2020-08-06,278526.0294704558,72674.0,978.2796747161563,0.9505079686976554
2020-08-07,275637.14276647643,72054.0,977.4325142606391,0.9500556529070848
2020-08-08,272753.18141313986,71432.0,975.8820955864492,0.9496078824166282
2020-08-09,270431.5614756203,70806.0,973.675482077695,0.951122542828593
2020-08-10,268105.5807031887,70178.0,970.8544860990023,0.9526439240229636
2020-08-11,265802.22398235986,69548.0,967.457284803434,0.9541711355232627
2020-08-12,263548.4011238782,68916.0,963.5198656871296,0.9557042036104683
2020-08-13,261399.10771409195,68282.0,959.0771533253187,0.9572451252420839
2020-08-14,259410.05550927506,67648.0,954.1638679565078,0.9587918323684136
2020-08-15,257536.3424924068,67012.0,948.8151045399537,0.9603444076553391
2020-08-16,255744.07956562823,66376.0,943.0665098660184,0.9619028428885561
2020-08-17,254032.76774649642,65739.0,936.9541345576115,0.9634674591899293
2020-08-18,252404.05969329696,65101.0,930.514039725743,0.9650386869833083
2020-08-19,250876.96173226472,64464.0,923.7817933982208,0.9666161686518154
2020-08-20,249449.76453333788,63826.0,916.7919768918633,0.9681997630999392
2020-08-21,248113.484529947,63189.0,909.5777465448937,0.969789672527599
2020-08-22,246862.33241445656,62563.0,902.1704697919845,0.9713861992871693
2020-08-23,245694.82942352624,61949.0,894.5994231079299,0.972989805855022
2020-08-24,244614.11399894283,61346.0,886.8915393275582,0.9746007024766891
2020-08-25,243621.61873587116,60757.0,879.3482012834971,0.9762191417624589
2020-08-26,242715.72973050774,60183.0,871.9441559423044,0.9778456004865316
2020-08-27,241894.41854479292,59626.0,864.6676553393448,0.9794807597204598
2020-08-28,241156.43662563316,59091.0,857.5177853572841,0.9811254688053507
2020-08-29,240502.04341056143,58577.0,850.4963520842268,0.9827806162451084
2020-08-30,239931.90784568893,58088.0,843.6022603092708,0.984447196568131
2020-08-31,239446.25776761162,57623.0,836.8399000044487,0.9861264399884422
2020-09-01,239045.04201473534,57185.0,830.2180789090698,0.9878198422348177
2020-09-02,238728.34477588016,56766.0,823.748560381983,0.9895291398058427
2020-09-03,238496.7204467349,56366.0,817.4439054280458,0.9912562272104902
2020-09-04,238351.1212116451,55987.0,811.3152542055498,0.9930031089949036
2020-09-05,238292.64018007353,55630.0,805.374643840178,0.9947718538714457
2020-09-06,238322.3989613557,55294.0,799.6352180965484,0.9965644560390617
2020-09-07,238441.55275937097,54979.0,794.1108963690579,0.9983825810698682
2020-09-08,238651.3216246635,54682.0,788.8153560049527,1.000227217795298
2020-09-09,238952.94303261465,54405.0,783.7471680926096,1.002098326410167
2020-09-10,239347.55824414376,54148.0,778.9074164522391,1.0039945898006426
2020-09-11,239836.12962273808,53910.0,774.2991892186366,1.0059133707435477
2020-09-12,240419.44378651018,53691.0,769.9266923938384,1.0078509576507846
2020-09-13,241098.191358976,53491.0,765.7936619085829,1.0098030733272152
2020-09-14,241873.06346925788,53309.0,761.9016142358138,1.0117654804466616
2020-09-15,242744.80838133057,53147.0,758.2514175241864,1.0137344563207014
2020-09-16,243714.2400213946,53003.0,754.8444421269112,1.0157070000224664
2020-09-17,244782.22755993085,52877.0,751.682623095333,1.0176808029503022
2020-09-18,245949.69753563523,52771.0,748.7683705262663,1.0196541120028215
2020-09-19,247217.6545436753,52683.0,746.1036808566043,1.0216255957307854
2020-09-20,248587.20442977987,52614.0,743.6902761469639,1.0235942497553618
2020-09-21,250059.5650039909,52564.0,741.5299554901156,1.0255593264858234
2020-09-22,251636.06406504766,52533.0,739.6248073516139,1.0275202702823731
2020-09-23,253318.13497048756,52521.0,737.9772394393902,1.0294766570117408
2020-09-24,255107.31792791456,52529.0,736.5771695133984,1.03142814706359
2020-09-25,257005.26657254025,52556.0,735.4275362830372,1.0333744562152178
2020-09-26,259013.7544466937,52604.0,734.5311209619167,1.0353153395681134
2020-09-27,261134.6778549424,52671.0,733.8905977971989,1.0372505806697943
2020-09-28,263370.05608937057,52759.0,733.5088244258993,1.0391799814933955
2020-09-29,265722.03208357585,52868.0,733.3890186965436,1.0411033535119425
2020-09-30,268192.8750922674,52997.0,733.5343308086091,1.0430205114821467
2020-10-01,270784.98462017695,53147.0,733.9478202865574,1.0449312701359086
2020-10-02,273500.89405200584,53318.0,734.632483963722,1.0468354424680044
2020-10-03,276343.2733877918,53511.0,735.5913333866063,1.0487328382661438
2020-10-04,279314.9316527658,53725.0,736.8277372095489,1.0506232624703655
2020-10-05,282418.81976514764,53961.0,738.3450392430165,1.0525065136792338
2020-10-06,285658.03405836644,54219.0,740.1465421184928,1.0543823831239125
2020-10-07,289035.82010432944,54499.0,742.2355236187097,1.056250654055709
2020-10-08,292555.5764658919,54802.0,744.6152885923916,1.0581111012674558
2020-10-09,296220.8583387952,55127.0,747.2898596159971,1.0599634905513267
2020-10-10,300035.3812862324,55476.0,750.2632941842411,1.0618075780919878
2020-10-11,304003.025229693,55847.0,753.5397078496426,1.0636431098865935
2020-10-12,308127.8386793221,56243.0,757.1233236235848,1.0654698212389737
2020-10-13,312414.0430851582,56662.0,761.0185632859295,1.0672874362974518
2020-10-14,316866.0372316002,57106.0,765.2301520507582,1.0690956675818404
2020-10-15,321488.40168855694,57575.0,769.7630896585223,1.0708942154757364
2020-10-16,326285.9033693033,58069.0,774.622626438505,1.0726827676955575
2020-10-17,331263.50001444627,58589.0,779.8142782024245,1.0744609981123074
2020-10-18,336426.3457287961,59136.0,785.343845568584,1.0762285686892226
2020-10-19,341779.79485966003,59709.0,791.2174561573646,1.0779851258409858
2020-10-20,347329.4072801158,60309.0,797.4415798337454,1.079730301209937
2020-10-21,353080.95325023687,60937.0,804.0230317951673,1.0814637110426006
2020-10-22,359040.4183585399,61594.0,810.968977893831,1.0831849556376838
2020-10-23,365214.00851101306,62281.0,818.2869450679302,1.084893618845398
2020-10-24,371608.1546700116,62997.0,825.984838338857,1.0865892672359216
2020-10-25,378229.51768237294,63744.0,834.0709563307744,1.0882714494658194
2020-10-26,385084.9930737955,64522.0,842.5540031854009,1.0899396957084473
2020-10-27,392181.7156780691,65333.0,851.4431001863811,1.0915935169957565
2020-10-28,399527.06417825783,66176.0,860.7477989549509,1.093232404635861
2020-10-29,407128.6653978662,67053.0,870.4780974452664,1.0948558295527404
2020-10-30,414994.39840269997,67965.0,880.6444573323488,1.0964632416653972
2020-10-31,423132.3983782508,68913.0,891.2578214149628,1.0980540693235934
2020-11-01,431551.0602250866,69898.0,902.3296309556492,1.0996277188035908
2020-11-02,440259.0418446839,70920.0,913.871843367184,1.1011835738994036
2020-11-03,449265.26706203347,71981.0,925.8969507112453,1.102720995631647
2020-11-04,458578.9281686228,73082.0,938.4179989580274,1.104239322131896
2020-11-05,468209.4880811443,74223.0,951.4486076556457,1.1057378687806867
2020-11-06,478166.6821101661,75407.0,965.0029897991576,1.1072159286878647
2020-11-07,488460.5193593201,76634.0,979.0959718628783,1.1086727736341253
2020-11-08,499101.28379763005,77906.0,993.7430140682151,1.1101076556185254
2020-11-09,510099.53509042965,79224.0,1008.9602309192893,1.11151980919137
2020-11-10,521466.1093214646,80590.0,1024.7644119141055,1.1129084547798274
2020-11-11,533212.1197808068,82004.0,1041.1730423359625,1.1142728032181866
2020-11-12,545348.9630010701,83468.0,1058.2043241046335,1.1156120718324476
2020-11-13,557888.3117161886,84984.0,1075.8771967504258,1.1169254735079064
2020-11-14,570842.120179035,86553.0,1094.2113586359974,1.1182122316947258
2020-11-15,584222.6278549578,88178.0,1113.2272884752506,1.1194715914165483
2020-11-16,598042.3625856932,89859.0,1132.946267129566,1.1207028275608082
2020-11-17,612314.1421930138,91598.0,1153.3903996233316,1.121905249261426
2020-11-18,627051.0707607873,93398.0,1174.5826372967,1.1230781955188767
2020-11-19,642266.5310977496,95259.0,1196.5468000929727,1.1242210225617655
2020-11-20,657974.1707795055,97185.0,1219.307598932167,1.1253330813142777
2020-11-21,674187.880277566,99176.0,1242.8906581161034,1.1264136867954653
2020-11-22,690921.7660441884,101236.0,1267.3225376855232,1.1274620875553245
2020-11-23,708190.1209755015,103365.0,1292.6307556388542,1.1284774430372997
2020-11-24,726007.3954564446,105567.0,1318.8438099378673,1.1294588146306632
2020-11-25,744388.1682025032,107843.0,1345.9912002312956,1.1304051687596128
2020-11-26,763347.1135192071,110195.0,1374.103449234342,1.13131538528264
2020-11-27,782898.9627669745,112627.0,1403.2121237126112,1.1321882652968955
2020-11-28,803058.4602301065,115140.0,1433.3498551051896,1.1330225364281854
2020-11-29,823840.3153295143,117737.0,1464.5503597143743,1.133816857009252
2020-11-30,845259.1520556906,120419.0,1496.8484584827772,1.1345698206248536
2020-12-01,867329.4543266306,123191.0,1530.280096428641,1.135279960804201
2020-12-02,890065.5053779475,126055.0,1564.8823617638684,1.1359457548042653
2020-12-03,913481.320265204,129012.0,1600.693504773127,1.136565625948206
2020-12-04,937590.571883126,132067.0,1637.7529565883635,1.1371379449711492
2020-12-05,962406.5111121145,135221.0,1676.1013476316552,1.1376610311489197
2020-12-06,987941.8808662909,138478.0,1715.7805253230945,1.138133153559989
2020-12-07,1014208.8231205225,141840.0,1756.8335703938408,1.1385525323477348
2020-12-08,1041218.778071306,145311.0,1799.3048108769917,1.1389173397655261
2020-12-09,1068982.3751764349,148893.0,1843.2398329701305,1.1392257010250997
2020-12-10,1097509.316212603,152590.0,1888.6854877641258,1.139475695169709
2020-12-11,1126808.2006220645,156405.0,1935.6898930261555,1.1396653058453865
2020-12-12,1156886.4215813118,160341.0,1984.30242940199,1.1397924579554757
2020-12-13,1187750.0687434948,164401.0,2034.5737303165192,1.1398550669918643
2020-12-14,1219403.715260959,168588.0,2086.5556652559676,1.1398509824652416
2020-12-15,1251850.2359477486,172906.0,2140.301315552074,1.1397779779895445
2020-12-16,1285090.605190168,177357.0,2195.864941806917,1.139633736385204
2020-12-17,1319123.7021726326,181945.0,2253.3019421698514,1.139415843738672
2020-12-18,1353946.095893213,186673.0,2312.6688007450603,1.1391217780184368
2020-12-19,1389551.7726181862,191544.0,2374.023025482801,1.1387488751021626
2020-12-20,1425931.8316592677,196561.0,2437.423074784735,1.138294287074836
2020-12-21,1463074.1491639349,201728.0,2502.9282720019005,1.1377549345631932
2020-12-22,1500963.0121018048,207046.0,2570.598707076712,1.1371274571505374
2020-12-23,1539578.7271056585,212519.0,2640.4951246079936,1.1364081703307745
2020-12-24,1578897.203773237,218150.0,2712.6787975609514,1.1355930367741351
2020-12-25,1618889.5443552479,223941.0,2787.211385616142,1.1346776720603684
2020-12-26,1659521.676758007,229895.0,2864.154776934697,1.1336574028008501
2020-12-27,1700754.0570966008,236014.0,2943.5709112850714,1.1325273814704453
2020-12-28,1742541.439104775,242299.0,3025.521583114106,1.1312827386683741
2020-12-29,1784832.6732550317,248753.0,3110.0682239180383,1.1299187316724792
2020-12-30,1827570.4945714546,255376.0,3197.2716621564186,1.1284308482415495
2020-12-31,1870691.284971743,262171.0,3287.1918593804876,1.1268148485176315
2021-01-01,1912688.6357835536,269138.0,3379.8876209999135,1.124222600194178
2021-01-02,1952298.0242495607,276277.0,3475.4162779866047,1.120029731186217
2021-01-03,1991813.544582736,283588.0,3573.833336604247,1.1157142920390095
2021-01-04,2030932.3101140738,291071.0,3675.192094417406,1.1112804497176043
2021-01-05,2069245.9188160913,298725.0,3779.543219268552,1.106726722111071
2021-01-06,2106176.6328833327,306548.0,3886.934287595051,1.1020524058460397
2021-01-07,2141410.7425259287,314537.0,3997.4092756305286,1.0972578384487683
2021-01-08,2175116.5122253424,322691.0,4111.0079966981975,1.092344836788672
2021-01-09,2207309.43397899,331004.0,4227.765480128692,1.0873160443123353
2021-01-10,2237824.7966978177,339472.0,4347.7112870748915,1.082173704655183
2021-01-11,2266437.0763136605,348090.0,4470.868761818592,1.0769200448756042
2021-01-12,2292902.7262457255,356851.0,4597.2542167797965,1.0715577415852322
2021-01-13,2317117.665842278,365746.0,4726.876052983701,1.0660900901200625
2021-01-14,2339010.258964188,374738.0,4859.733825562462,1.0605210683733295
2021-01-15,2358481.244566195,383765.0,4995.81726371926,1.0548549884502767
2021-01-16,2375401.056431136,392809.0,5135.105254015669,1.0490964224917338
2021-01-17,2389631.9583001775,401850.0,5277.541756340236,1.0432502868960094
2021-01-18,2401069.0272017154,410857.0,5422.996984750552,1.0373219368362652
2021-01-19,2409637.981998731,419790.0,5571.273991283572,1.031317204615775
2021-01-20,2415276.0685489983,428604.0,5722.110241125766,1.025242328425531
2021-01-21,2417924.3290978414,437255.0,5875.196777664544,1.019103884793914
2021-01-22,2417529.334568186,445705.0,6030.228299112038,1.01290877121346
2021-01-23,2414053.8792818068,453910.0,6186.897564806869,1.006664209390461
2021-01-24,2407481.625581221,461825.0,6344.840862156909,1.0003777435733565
2021-01-25,2397814.5694002905,469429.0,6503.643292965106,0.9940572085612496
2021-01-26,2385069.6530660866,476725.0,6662.851654216907,0.9877106830157031
2021-01-27,2369277.514693303,483669.0,6822.012277293641,0.9813464476750725
2021-01-28,2350484.083513984,490220.0,6980.685883973432,0.9749729510205914
2021-01-29,2328752.148318784,496343.0,7138.391417919783,0.9685987765112448
2021-01-30,2304161.0651047123,502012.0,7294.607460669252,0.9622326031669229
2021-01-31,2276805.332647109,507206.0,7448.7805560229335,0.9558831592332552
2021-02-01,2246793.11578215,511896.0,7600.386195838709,0.9495591744288365
2021-02-02,2215020.3416680135,516055.0,7748.965481719894,0.9435994767661134
2021-02-03,2180820.923605878,519657.0,7894.024874762949,0.9376782569968338
2021-02-04,2144367.5191683536,522679.0,8035.043914564767,0.9318017017832347
2021-02-05,2105846.3572566235,525102.0,8171.489686853451,0.9259781754452368
2021-02-06,2065488.8180233876,526909.0,8302.837727277789,0.9202165889630793
2021-02-07,2023529.8302170448,528086.0,8428.581808987086,0.9145246514699548
2021-02-08,1980071.8332690408,528617.0,8548.222487246956,0.9089095970993089
2021-02-09,1935236.408535088,528495.0,8661.262727732154,0.9033781507151384
2021-02-10,1889192.9149821862,527712.0,8767.211902276702,0.8979369612464089
2021-02-11,1842114.5178610738,526266.0,8865.59394542591,0.8925925330056828
2021-02-12,1794195.7047971198,524156.0,8955.956690746994,0.8873509029738424
2021-02-13,1745601.9731022762,521387.0,9037.873240385989,0.8822176231344703
2021-02-14,1696486.301214257,517964.0,9110.942329951191,0.8771977223702629
2021-02-15,1647001.608740569,513914.0,9174.790474816133,0.8722957795141425
2021-02-16,1597301.0740235231,509249.0,9229.07707842791,0.8675159711860275
2021-02-17,1547537.3552415764,503987.0,9273.500960197609,0.8628620193026555
2021-02-18,1497854.0954406585,498147.0,9307.816731178955,0.8583371584925497
2021-02-19,1448383.669430823,491756.0,9331.833839820689,0.8539441231799585
2021-02-20,1399249.7618830523,484841.0,9345.415610903823,0.849685165398683
2021-02-21,1350568.3397993664,477433.0,9348.477804359562,0.8455620824173471
2021-02-22,1302448.1568458406,469562.0,9340.977454836615,0.8415762271529594
2021-02-23,1254989.318855994,461263.0,9322.907493099654,0.8377285145048129
2021-02-24,1208282.2268627766,452569.0,9294.31546852309,0.834019431778229
2021-02-25,1162407.7237589462,443517.0,9255.301923542502,0.8304490574933573
2021-02-26,1117437.61073442,434129.0,9206.0159040716,0.8270170867350748
2021-02-27,1073435.1705665323,424442.0,9146.649449025303,0.8237228558931419
2021-02-28,1030455.3470316082,414495.0,9077.423883625543,0.8205653658195182
2021-03-01,988544.7999369979,404324.0,8998.60688885942,0.8175433049852899
2021-03-02,947742.164851715,393965.0,8910.510274727392,0.8146550741751046
2021-03-03,908078.491552963,383451.0,8813.48392654048,0.8118988129548116
2021-03-04,869577.7659850181,372818.0,8707.90894692429,0.8092724264127852
2021-03-05,832257.3963373018,362098.0,8594.169232171003,0.8067736111076322
2021-03-06,796128.6455450135,351325.0,8472.683280695188,0.8043998800449521
2021-03-07,761197.0677466984,340532.0,8343.8994354454,0.8021485868840842
2021-03-08,727462.9744302352,329748.0,8208.289759502732,0.800016949488931
2021-03-09,694921.9208842266,319002.0,8066.342944226408,0.7980020725533529
2021-03-10,663565.1842919078,308320.0,7918.557935023809,0.796100968961939
2021-03-11,633380.2146262934,297729.0,7765.443751237679,0.7943105797561686
2021-03-12,604351.0608491679,287251.0,7607.518144249303,0.7926277927854835
2021-03-13,576458.7796151702,276910.0,7445.304064063144,0.7910494601860922
2021-03-14,549681.8285958107,266724.0,7279.325890135396,0.7895724147249455
2021-03-15,523996.44014178164,256711.0,7110.104552382101,0.7881934849263779
2021-03-16,499376.9697913412,246887.0,6938.154829218236,0.7869095088827507
2021-03-17,475796.2179244476,237267.0,6763.983152903333,0.7857173467256943
2021-03-18,453225.7259131281,227864.0,6588.085284927014,0.7846138918198762
2021-03-19,431636.0485947253,218686.0,6410.943845601118,0.7835960807669843
2021-03-20,410997.00381674914,209745.0,6233.025206432247,0.7826609022811555
2021-03-21,391277.898965889,201046.0,6054.777483944687,0.7818054049695847
2021-03-22,372447.7347093483,192596.0,5876.628970661671,0.7810267040546648
2021-03-23,354475.3869486082,184398.0,5698.98679394035,0.780321987098484
2021-03-24,337329.7684464304,176457.0,5522.236313071287,0.7796885188097736
2021-03-25,320979.97156226187,168773.0,5346.740568588613,0.7791236450134575
2021-03-26,305395.39330210845,161347.0,5172.838778579591,0.7786247958514858
2021-03-27,290545.8437905088,154179.0,5000.845858472005,0.7781894882749996
2021-03-28,276401.6393408409,147268.0,4831.05224247003,0.777815327887933
2021-03-29,262933.6813924307,140610.0,4663.723983561738,0.7775000102059931
2021-03-30,250113.5225883195,134203.0,4499.1035556465,0.7772413213954679
2021-03-31,237913.42118755268,128044.0,4337.409381396654,0.777037138551685
2021-04-01,226306.38491043946,122127.0,4178.836229766522,0.7768854295705103
2021-04-02,215266.20524939703,116449.0,4023.555805175757,0.776784252661575
2021-04-03,204767.4832353222,111003.0,3871.717511615769,0.776731755549524
2021-04-04,194785.6476033803,105784.0,3723.4505728751287,0.7767261744076078
2021-04-05,185296.96623897477,100787.0,3578.863499401231,0.7767658325648572
2021-04-06,176278.5517116415,96004.0,3438.0450228733007,0.7768491390239899
2021-04-07,167708.3616347724,91430.0,3301.065137984144,0.7769745868231811
2021-04-08,159565.19452780214,87058.0,3167.9762605231413,0.7771407512715842
2021-04-09,151828.68180191115,82882.0,3038.8144325740436,0.777346288085911
2021-04-10,144479.27643584777,78894.0,2913.6002927941727,0.7775899314528656
2021-04-11,137498.23885410227,75088.0,2792.340074023615,0.7778704920395589
2021-04-12,130867.62046737906,71457.0,2675.0266820917113,0.7781868549713281
2021-04-13,124570.24528717156,67996.0,2561.6407779646324,0.7785379777939436
2021-04-14,118589.68998257622,64696.0,2452.151886675187,0.7789228884351036
2021-04-15,112910.26270738879,61553.0,2346.5194354511405,0.7793406831782648
2021-04-16,107516.98098814092,58559.0,2244.6937434054576,0.7797905246597588
2021-04-17,102395.54892934804,55708.0,2146.616983582442,0.7802716399006322
2021-04-18,97532.33395974983,52994.0,2052.224116874349,0.780783318378091
2021-04-19,92914.34331546992,50412.0,1961.4437952579362,0.7813249101458682
2021-04-20,88529.20042962502,47955.0,1874.1992171521063,0.7818958240082031
2021-04-21,84365.12137471742,45618.0,1790.4089291404055,0.7824955257519985
2021-04-22,80410.89148302749,43396.0,1709.9875780943912,0.7831235364407175
2021-04-23,76655.84225114793,41283.0,1632.84661570377,0.7837794307721613
2021-04-24,73089.82861794981,39275.0,1558.8949568771784,0.7844628355021697
2021-04-25,69703.20669014951,37366.0,1488.0395900033961,0.7851734279353902
2021-04-26,66486.81197625183,35552.0,1420.1861377741257,0.7859109344834325
2021-04-27,63431.93817785275,33829.0,1355.2393697011078,0.786675129290366
2021-04-28,60530.316576815574,32191.0,1293.1036684095902,0.7874658329247796
2021-04-29,57774.09604770293,30636.0,1233.6834519851764,0.7882829111373435
2021-04-30,55155.82371684387,29158.0,1176.883554088929,0.7891262736824398
2021-05-01,52668.42628245138,27755.0,1122.6095633367568,0.789995873202027
2021-05-02,50305.19200419233,26422.0,1070.7681238336988,0.7908917041696288
2021-05-03,48059.753365424316,25156.0,1021.2671991159211,0.7918138018920388
